class,precision,recall,f1,support
book,1.0,0.9354838709677419,0.9666666666666667,31
bottle,0.9811320754716981,1.0,0.9904761904761905,52
chair,0.9642857142857143,1.0,0.9818181818181818,27
cup,1.0,1.0,1.0,61
laptop,1.0,1.0,1.0,30
