class,precision,recall,f1,support
book,1.0,0.0967741935483871,0.17647058823529413,31
bottle,0.5822784810126582,0.8846153846153846,0.7022900763358778,52
chair,0.9565217391304348,0.8148148148148148,0.88,27
cup,0.9767441860465116,0.6885245901639344,0.8076923076923077,61
laptop,1.0,0.8666666666666667,0.9285714285714286,30
