class,precision,recall,f1,support
book,0.0,0.0,0.0,31
bottle,0.17647058823529413,0.057692307692307696,0.08695652173913043,52
chair,0.23076923076923078,0.6666666666666666,0.34285714285714286,27
cup,1.0,0.03278688524590164,0.06349206349206349,61
laptop,1.0,0.03333333333333333,0.06451612903225806,30
